path	bytes	sha256
.dockerignore	981	879a66dc485189035ea6701f2ade60412ee10ab0b9aeaf728cbfb6be90bb01be
.gitattributes	142	558054db8d20b3706ec0139efa2edbee336a0bf161b272365224cf9b18d783fa
.github/workflows/ci.yml	1459	0d4de197fef455e94712a2944f074c917bebf3c3f5a7835c9833ee379bc12e55
.gitignore	715	3dc0ac129c8b6706c0662ce142767bfe1c0d7035bb4d8f8c3f54ee09a1b9f749
.zenodo.json	2109	b81869ac5db6f985059529acb4d03d5e4b6b9d183e4fca47cb16c2ff521c5666
CHANGELOG.md	13217	bb89c69448b99d381bb0aa9c055b7bff34b5eeacdff3a3885ede567b8810e3ed
CITATION.cff	1139	43efb86c452cc4d3ed949af258e8c8a8c8b83cb21ed0cb1b95aed95b0ee4e08c
Dockerfile	1059	7195dcf52b258a808445bf6b2b9edb73a431adc616ab89da041106261797860c
LICENSE.txt	1501	3028414a8587d797a3b65b4e7752d782fb79ad13c95addb8f46185f6f517c55a
Licence.txt	1501	3028414a8587d797a3b65b4e7752d782fb79ad13c95addb8f46185f6f517c55a
MANIFEST.in	4583	300a961cf8a92885ebb5ba6bff1c246d4326f924c40be4f7f67042d909751841
README.md	11808	733e561ef25577e3363111b09579ec962601ff813a52c005d345d47e373bc214
codemeta.json	1385	e11a3e7d8a3b82c2d705666ae8ee66bdd2e13a758aa0d32b49517c2b5e19ea27
compose.ui.yaml	135	bfee42ce653c131826234c6884b3cd46ea69bef9fa7e829e058bb07407494de6
compose.yaml	667	bd493b69d0d2d79a5b67d52e7ff66c7e37a6257e031d710bbbb0e23c9b0486c2
docs/api/architecture.rst	11631	298020c0887fac34138e7ae7dfaa2a38343eea29625b7b4202e6b71847c41d68
docs/api/conf.py	459	a77c79017f2cbe840e9e3410639ab89a87f92aec9f7a2db975f2ee7c0710df2b
docs/api/index.rst	423	cadea10c67b55212aa9eacf675206875becbe42ab3325be9c5c2c0edd6e87cf9
docs/api/performance.rst	5924	3fa955424f47dc6d0670bb39231666abb681f4e84f953f62ba7b5a39c4aaec43
docs/api/public_api.rst	4569	2435fbf9142659585c83162df71f502f067bdd83664b980b3e6f81a1ad2e4dc5
docs/api/usage.rst	18446	6f1c2ae4e7ce6d2bebd1a4f54cc36ca90b3e889459952b01a509bfcdd6eecc87
docs/architecture/in_memory_execution_budget_profile_20260828.csv	4417	950c086b220bea605a637c6dd568260d3cdcbfaeca340da545549fecc22f2c0b
docs/architecture/m0_m2_boundary.md	9753	c10f3800adfcb5c871f2c0a801a8753372104bc3ee4287bceb16e5644212f411
docs/architecture/null_reselection_v2_design.md	49690	c4316704c9a2665f33edb49cefe3a654082c9b35ebe479d02b3cce9746826474
docs/benchmarks/in_memory_standard_20260831.json	4984	9b1752cef5301e9a799488981b5d08c4f64b2be0c059b38d4e585611944dacd9
docs/benchmarks/in_memory_standard_20260831_figure.png	172866	97674b310291fdecb91fdd89e1412a29429ce91ca810656876a1903afdd1834f
docs/benchmarks/in_memory_standard_20260831_figure.svg	49863	cc81e91acd4e9e318897c040f002977a3bad073a18d83f65671cdc2ee6313b19
docs/benchmarks/in_memory_standard_20260908.json	4980	c9ef56e9f6d468ef9dd1f1e4be7f8923faffbc2b5d7d1d218a216cfd1415ceb9
docs/benchmarks/in_memory_standard_20260908_figure.png	170378	114d7f5912b5ed57e30fdd0097c12843d44a9a3fa4422e4e3bf9e73b50f9124f
docs/benchmarks/in_memory_standard_20260908_figure.svg	48562	29930416f3af91fab455c441343b12701fb04513522f72f242f56278dd6ba400
docs/benchmarks/in_memory_standard_20260922.json	4971	2557458e0eec9f7d89865f9c1574765a85fe302e6986bd9eb285cbf718d9122e
docs/benchmarks/in_memory_standard_20260922_figure.png	170018	7fc284122739a206d599aa437a633f2420e10d186d9fde5a25a3d98f6e8ea0c2
docs/benchmarks/in_memory_standard_20260922_figure.svg	47903	1cc32fd83a3c5acf900b66a07b3c415b3349ae56e5c796197c8fa6fc2096fe40
docs/benchmarks/in_memory_standard_20260928.json	4975	04671706a56079be0fd67d755ce25bf0c38e4be6f2c3f86014e070b7ad42c20e
docs/benchmarks/in_memory_standard_20260928_r5.json	4981	3fedbb9772a99ad525ac068aec22dd192580e6d4fbffdd7179fc17db36811b7c
docs/benchmarks/in_memory_standard_20260929_f2a.json	4963	f336084a2d7c5c1ece8b68f378c00799c9f4cae21826ada398bad218f7389cd2
docs/benchmarks/in_memory_standard_20260929_f2b1.json	4981	759c5e01b2e468e73152349e5878b10c6b669dd437a3fa80318efab6fc882ea1
docs/benchmarks/in_memory_standard_20260929_f2b2.json	4979	9dfa8758167215ec761de9f07097e2f4537e9045817452d9dad70932316dd3cc
docs/benchmarks/in_memory_standard_20260929_f2c.json	4977	70ebb5e37046b3bd8d3e76ccde5f0ce7679bad45ef9372bfb6b136a9f366ee69
docs/benchmarks/in_memory_standard_20260929_f2c_r1.json	4973	e75b43157b808d32f16dd158826e5ca0dbce5da713d3eebb85b03c53bdbd916e
docs/benchmarks/in_memory_standard_20260929_f3.json	4979	667a8c74bdda7c2fd555580220a74113bec09677fc442303892e714295ce26a6
docs/benchmarks/in_memory_standard_20260929_f4b1.json	4981	03d72fce13476c10a6819addaf27ebcf61dfa17553af6ade3ecdfccfe1d0e278
docs/benchmarks/in_memory_standard_20260929_f4b2a.json	4989	13e2f3427cdba7b64c07f6d7c67420fa4edd582e9c236ab70c43bbe43e6d0629
docs/benchmarks/in_memory_standard_20260929_f4b2a_r2.json	4985	ec80cd1a49a9db7948b596d30cc0d57a482f7af4e4357ce31d9217e3f31af89b
docs/benchmarks/in_memory_standard_20260929_f4b2b.json	4967	58c72a0849b53f55562d60f5a477af7ad44aa7a136fc456bebb02713236e8fd6
docs/benchmarks/in_memory_standard_20261002_r10.json	4977	cc35e618ef7c22b5c50aaeae73274edd54a4fe8f6384ddabbf839b17f4aab324
docs/benchmarks/in_memory_standard_20261002_r9.json	4981	6eac5416e91f5de0599d7a19686e7b119f6f0899b7b6bbe8acf71d22cea557aa
docs/benchmarks/in_memory_standard_20261003_alg.json	4975	8bdf16e132f66a66e5e5e578b27d638e68ca714f701afadb1cb1bb3954031cef
docs/benchmarks/in_memory_standard_20261004_r13.json	4973	047dff94467300148e281098943988732630778ac827801f618fbac438bc125f
docs/benchmarks/in_memory_standard_20261004_r14.json	4987	170e9cb6a2f4b52d4f36e8c8bcac7774f91c7f118db46f36a9a5da3e3d2a8a6a
docs/benchmarks/in_memory_standard_20261006_r16.json	4965	af4ee442b4ec4bcef5f9e7469684911fcdafb882fb0c2b3e5ab8faef208f05c0
docs/benchmarks/in_memory_standard_20261006_r16b.json	4971	34eced9c577e94d48d5525d2a8b8673d1da0ca8f0f8621e88de06cd48b798694
docs/benchmarks/in_memory_standard_20261006_r17.json	4981	48f848c1c7fb56756145a5d7da1e47db0b98bb227b4ef99412aac4f0b0ec2dac
docs/benchmarks/in_memory_standard_20261008_r21.json	4973	ae14659f8397d817863ffe91008a12da81d2b8128af4c4368ecde01494808bfc
docs/guide/development.md	19001	a3ecbf0e69114126ca78a1a8c9f4c9d711312a1c4f59a5b8833df0a91944c346
docs/guide/images/ui_1_plan.png	181799	eb27de8c0cacee75669851d7b4cb0567a19b5670a843f402d89975c9f8954a40
docs/guide/images/ui_2_result.png	356919	01f0ec243a69d166083a473a58fe869f4d21275b2d70376e682475d6ffd324ea
docs/guide/images/ui_3_artifacts.png	522160	56c29a57dc42972badf60bf6b868e8f8ec3003d26d7585625e4d8befaf264053
docs/guide/interface.md	3716	8efbf90ba64603613b34f9eb13239fda181eb1e21b62d11819f8352ac5f89aba
docs/guide/interpreting_results.md	7910	6b291f8905b9d067947acd9b75326832d55cc5ee63f19e6fc1371e97ce9a633c
docs/guide/reference.md	31836	462c737418943509e852e22fce4c08fd46d0c5ef347945d4c4fce33f01bc3b81
docs/guide/saved-download-verification.md	3047	996d857854d7967f23ca4e4e04a23160450b778bb4b3d5410650c9e06b5b066a
docs/provenance/P3_READ_ONLY_BOUNDARY.md	547	c1edeccade00fc6d3003594193681f8d8c3f2e7d02b2fdfcd0778fea12f13574
docs/provenance/SOURCE_ORIGIN.tsv	565	c42ce021b832da55aab371997b212931b10b8a20f102e033d2ac6d922857ef34
examples/basic_selection_aware_calibration.py	1895	b64692a2396eb48c95bedbb0e68d3e9e164ebc28c00be82f3f40cb8edfc5e2eb
examples/binned_nette_block_shuffle.py	1957	d282b8735486827527ed68d6197a1a0de3bbad514c85bf1e91fcb745c42a19c1
examples/fail_closed_not_evaluable.py	2047	86a2b4c164ec835cf3cc960306db034379146a76b105ef8535096553fddbbdaf
examples/save_and_read_result.py	4146	32c41c21057d61773a369dcc448a4a26bb2d3c0d0eb6a35b70bfdeb73a34f0d2
examples/workflow/pearson.json	438	58458f05c729a2655bffc672f91e905c92c12f37b9d43e3cc6c98e37d0e98efc
examples/workflow/series.csv	1910	cddefd0d68922e4b625aafa8258d4e7e88afd0fc64b296fb0619b983384a4954
pyproject.toml	1921	bcd1706bb5294fd201fadc1b072b2b54921ee609c467a628619ce24e1da139db
scripts/acceptance_check.py	24259	4c9064b63cfd00ee1afef62425616ab96c177139960a816c80dc9080da35573e
scripts/audit_repository_hygiene.py	11885	3be94680697be00c801d476284912933be8bc76bcbca379e748a0be15781252a
scripts/benchmark_in_memory.py	7351	d266fd4d8d12d77952b2f6fb9ba30b2b9246782cc7424edaf230e27914411e22
scripts/check_saved_downloads.py	26692	b878f6782220b2628cc44cb0695d40a3072ff353b73d73f7a01e0c7e17ac2c59
scripts/ci_check.py	18896	61f181e18e34a33a9e8b06241201e6552053ea318a37270dbc65f0e79d80d805
scripts/clean_install_matrix.py	6747	572bf5d16fcfe65d4d8e00d04874e8a30b7d41740798c3af319c69db33809bcc
scripts/compare_pearson_diagnostic.py	23999	3064d3be0b82414757102455649532b678ef5f233f87b9811dfbdefdf830a131
scripts/m6_pearson_diagnostic.py	10015	7b261c34eb9c2777667ac64f556e4e73d51829c629276f4ed354f08afb58b722
scripts/make_recovery_kernel_fixtures_v2.py	2675	94689882c76e26fc02cc47f3a1305025d4c93040d11665aebdec3a16bffcdd11
scripts/make_recovery_kernel_fixtures_v3.py	2659	2c741623714b717fa8d50a1039ffdd2003f9e7cd43d50f053ebfa2928e3af3a0
scripts/make_recovery_kernel_fixtures_v5.py	3133	33b865bf09ef985c4ce0afa83aa45dd57dccc84dde60d0e4792cda26fb3801a8
scripts/plot_in_memory_benchmark.py	8849	99f67f800f3822b01da635512f4af3dbb50e3752801b13725d6ee0d551b2a3dd
scripts/research_case_flow.py	10199	a27e54cff5ba99e63b21d34274471d754c54acc21cea09a94227d28c5dec3f91
scripts/verify_input_package_install.py	10445	e929699d14e579efef31d894c398d1f7251abd366994789c4b6d45f9921d02c3
scripts/verify_input_resource_pressure.py	10423	55b64ef2bf239a76b428f6b166cf030d80ac563ae3518d884387d4df440b8147
scripts/verify_installed_identity.py	19172	2c469f29261a61c00c365b32f4a3b0b92eb272c0f2e9204e5b17035b4b6d8a18
scripts/windows_check.ps1	24376	df0173e50f30032d9b4359540c88a9125aa9b8aaf5fbe8bbb46d1706a2e58d4a
scripts/windows_evidence_archive.ps1	5019	84fb3722a4f71b07827fd240d35209f3ca40520b7c1045f81f87cb7f068e1604
scripts/windows_native_capture.ps1	8132	caed6320d350abefcba91657c790de3c959fc7bfa4a46e7de211449567ed25cc
src/selcal/__init__.py	936	44f34aa5db76582bb75132ceae614f886d504ad751acee9670bfb06492925570
src/selcal/__main__.py	149	1e9e3ddc24e3d53395d34be393a1165b710dc633d5c4ef53a36ed2213a2fd17a
src/selcal/_verifier_primitives_v2.py	32995	314bd108c242bc19bf2cf4ccfbf6a311633e2577f3097e063ebcbb23cc064060
src/selcal/calibration_v2.py	123950	067d2b6ba23feed9a2562ae22394f1a48872a7254d86fa0d22d12d129b090bf0
src/selcal/canonical.py	5923	4a4200d1e22d8f0c44614ff04472119903cdd62f30237ef3f205144b524c4f1e
src/selcal/canonical_v2.py	7316	2553c5fa38ec8235c344c85a47dc96581e1aad8d50fddbc04bda48b0b0d0f2ef
src/selcal/checkpoint_lock.py	5620	0ce9687cacaebb7075b9dd509072e84c5e0c661da974af1e5f6b64db22e0c1ec
src/selcal/checkpoint_store.py	25069	62ce1e0c384fa881bc9e498baca97bc57d3635cedfb3f7e23edd71a7773eadf3
src/selcal/cli.py	13857	de86fe11f1b92d05f234e06281b71f4724a1dc17c3a396b760a04946fe432e65
src/selcal/contracts.py	24343	2c53eabc7eb437d8c7f29de6e2386508eb525d909199ad21e9316c8dbe4cc680
src/selcal/contracts_v2.py	57489	77d9fdbcb3339088fcf186311398cb2d4f0edb1d45392deef3d6e77334bd669a
src/selcal/exact_oracle_v0.py	9398	3d058098f1e464fbf273f3d3fc61718986831588895cde4f5c20fd1c75a1c619
src/selcal/identifiers.py	554	fce3c1b3ac3417985229f1cad29ef53cdb89309e46fa9a8d5c701a8f5c13da7d
src/selcal/inference.py	3217	14716064b40c7a13d59eb07329d2570418061e442911c67842babc922aff6826
src/selcal/input_resources.py	4751	eaf5017d2da56863a6a908694fe98f27173fd2538a174519e39e107982413571
src/selcal/inputs.py	11534	1b72b3d53baab3f78aa81ead2c9fd93b473ce3dfaecfbe4f48e6a2afa247379e
src/selcal/migration_v1_to_v2.py	24357	8d7354b60a23ad8ca0a24b39b68474b86d72b37443d41dff5c1bd8ca2a7787c2
src/selcal/npz_safe.py	21329	5e3c2b95aef63aebc4a3b57f7123ec3b0038c37855257d2764e11ea64d2c7850
src/selcal/nulls/__init__.py	293	16e05db87a3ade032ad2292dd6f5074a9831bd33830f5dd56033bb571ad43849
src/selcal/nulls/base.py	769	9a9f65cc67b17f28cb0f4b0043da408bcb74f7b34cadfd72520703f61dc3bf39
src/selcal/nulls/block_shuffle.py	2393	f149998ffddb35b4f944eee077b81f8db5a0047f2cc7b0b215a549fda2525b25
src/selcal/nulls/block_shuffle_v2.py	22887	15b41c65385899d246c08d8dc4cfaccf71ce8b603e0ca8818b2d761790735898
src/selcal/nulls/circular_shift.py	2223	d2755b5cbae775f0dc7850ef90897fa00f13b152a74e074ff67de636168d52f6
src/selcal/nulls/circular_shift_exact_v1.py	16861	4e36c341859f8e3acd42a5773705e31d87731eda1534a864366a2ebc3c9184e6
src/selcal/nulls/circular_shift_v2.py	19703	af3e42e133568498cbfd292661e26c2f8b7cb32c43c07f9d43a909fd6909bb3e
src/selcal/nulls/executable_base.py	9853	a04dff0b8f58f8859f2552a5512c1993db433328714d8094cbff0411de85de73
src/selcal/nulls/owned_transform_v2.py	12701	c801929c02f1eed07c917aceabc14fd9134285f34316c41fe500c31fbc5c26aa
src/selcal/parameters.py	4175	0b67445cb79a410a8033089c7bb14bec171bf2c1ef8b92182238dbf372ce7a17
src/selcal/randomness.py	12368	f825d233087e07e4988fc68549217dcfedb3591f96357fcdafdccb92f0283ef9
src/selcal/registry.py	3088	2ee14f2ddbd18cd5236e65fff9283897310d9a460d45c0eb2249806aa4ec0010
src/selcal/resolution.py	6223	d75d3f1ffe70be7dd8aacfb1418ea9bd0c7c652eabc7774d38807515a23d20ef
src/selcal/resolution_v2.py	150948	d9c89b728dba95882c9572ca162508f2e14d828d368f431a02908532ff7c8b56
src/selcal/result_wire.py	17132	ae3ef84e27d71a78890e1a8e966dc519c03b3e65d11e53c232b5dcc4265bffff
src/selcal/selection.py	3513	f873b32273c9b6122e4bc2c014ab58c1c5b54d550bc418fd42d5d1f80f6e1102
src/selcal/selection_v2.py	4196	4361292a9f75db3c28f22a557ce03631210b8af21a5c7ce28d91410c95d51c1e
src/selcal/statistics/__init__.py	474	f8acd1b0a65653757f657d881fada277f0ca5eae58fcd5aa0790918834d3df1d
src/selcal/statistics/base.py	1262	2e76114a7e670cd3ef0e6c04d8a1ef3f8b6e98d747203aeb62fcb098a2890486
src/selcal/statistics/binned_nette.py	19301	2b469b19c033e3e105b9c33edd6fc693a53c50df64163f207371032d092a2d73
src/selcal/statistics/lagged_pearson.py	12816	b4b40495c10b40d41d921da459cafede6c523725ee11ace9bae5ac4973e3218e
src/selcal/support.py	8415	f54ded5df407a585938bdfb2357977958d513c8523673a27d6a2c9f1e3cda421
src/selcal/ui.py	11380	714f7da9acfae023a53de67e8ff9c8217d9e2f1decf5be4882b7311a378282bb
src/selcal/ui_jobs.py	53900	0efaeedf29d8cd15d3e751a3c6be6099ad3deed2d6c87062517f47c81d29038e
src/selcal/web/app.js	29712	3079ee667f67b301fb95fa6d04629d6736d71b58b200c9df36edc39bf4d3cb2d
src/selcal/web/index.html	9786	3ec91efe8dc22ebc199f6a0211abf61a542e41db537c98c4be9cb609e5998c70
src/selcal/web/pearson.json	438	58458f05c729a2655bffc672f91e905c92c12f37b9d43e3cc6c98e37d0e98efc
src/selcal/web/series.csv	1910	cddefd0d68922e4b625aafa8258d4e7e88afd0fc64b296fb0619b983384a4954
src/selcal/web/style.css	2813	631d1a9e0e80e562bf7d4a3c669ad617aef51318fd00f6428de40b535cde9b6f
src/selcal/workflow.py	40608	dc9cbf30925d746450bc9863b368deb44265e33b223c8f919630527e4506cff8
src/selcal/workflow_config.py	11359	198b3f746308ac5e19022c38488075347df5a860339402576fec09db780664aa
src/selcal/workflow_export.py	16867	27bce5f16577633ec34578f2f3556cee495d8e5befd6c843db25e23c38507389
src/selcal/workflow_recovery.py	11779	4ba66a9c9fb24b025848461fe33cd0502a097294be6acc9b21f6d269a7610b31
src/selcal/workflow_store.py	16768	551b82263df5ae98a1142a8dd1505ff609662c8b368df564545007e8b91d4e04
tests/_crash_process.py	9797	a8f4d85d10f60cf3107eaa28bac29d9cbc43a56e9dcb11491e2fc6febea9803a
tests/_documentation.py	677	4ff6ef2878cf38b5e8473191f085333badca044301ae696484335b78d220a5a0
tests/_platform_support.py	3407	9a18755a67bd5a7f0731f7a35c64b97f8bde7631e5d84839c670ec27899d32d5
tests/_random_behavior_graph_v2.py	25561	2f6229bbc696f6d27ee534ea944f69fe9614bcad67347a805b2ea1fca3055374
tests/_windows_acceptance.py	5804	cb2bab97fcae0e18dbaa350b7754ac4c05bbc48339a220f6e35d3905d295ddd8
tests/_windows_process.py	6446	45c52cbcaf89f14e63bf687974522b89eeac09172b3057491be77d359e4f94ba
tests/conftest.py	1127	19107f41fac7d778c45b160e332498f07414aaef9883ecbdf2e7be83379e69f0
tests/fixtures/recovery_kernel_v1/binned.json	9685	d2d61c3d5ffc928ef4a8d9e88c664bce983ef98270d31d99654f75937a5a5719
tests/fixtures/recovery_kernel_v1/exact_pearson.json	9733	576bcb58deb5a398b2176974b477e27a75b6b6bb8269bf45939152fb1ab4a69b
tests/fixtures/recovery_kernel_v1/manifest.json	4103	0080ece77c7c15397240ca21b03e6ef8ba9cb72502988d6ec9bb7ba77003a009
tests/fixtures/recovery_kernel_v1/pre_observed_ne.json	1333	126f240837dc0fca3ffee06aedfdc53e843d8660fb959276288e256a8a334eec
tests/fixtures/recovery_kernel_v1/sampled_pearson.json	16278	dd952e03320bcabec75ca6a915e3ef90e11c1003362d3f33e467c26f4784000a
tests/fixtures/recovery_kernel_v1/verified_environment.json	1591	d50969c7543f01e2752a27ed26d1f941929c5bbaf3c72da486935266a3a22c08
tests/fixtures/recovery_kernel_v2/binned.json	9685	d2d61c3d5ffc928ef4a8d9e88c664bce983ef98270d31d99654f75937a5a5719
tests/fixtures/recovery_kernel_v2/exact_pearson.json	9901	8cb9b663ab7e23bd4605b2ac955184231d1f109bf703c3e4e043a6f87335b94c
tests/fixtures/recovery_kernel_v2/manifest.json	4146	c6acf745a9740331fa5f0f90028752959b66e1241be45f1dca96b2b95c3387f5
tests/fixtures/recovery_kernel_v2/pre_observed_ne.json	1361	d585411e2e48dc15c61869dde028d36f771d4f86eb48f6e3a1399adbc43770b8
tests/fixtures/recovery_kernel_v2/sampled_pearson.json	16558	3e09d81e8f2dcfa93ea6e091cf716437c448a2dd8230e74edf05dcac5049670c
tests/fixtures/recovery_kernel_v2/verified_environment.json	1746	f6e038406ceff837337d8785664b4dc3ab0ba40b11eb85e55e66cdb8537791fe
tests/fixtures/recovery_kernel_v3/binned.json	9685	d2d61c3d5ffc928ef4a8d9e88c664bce983ef98270d31d99654f75937a5a5719
tests/fixtures/recovery_kernel_v3/exact_pearson.json	10177	7e17b1e184e3e23c598e1887421f9327a14c045f3455bea21f17f3e4b51aa48c
tests/fixtures/recovery_kernel_v3/manifest.json	4144	65503bf7bc570827d2d47ef7e0fde397d4706ab7bae3dcb10a97ec7f7cc630be
tests/fixtures/recovery_kernel_v3/pre_observed_ne.json	1407	ba1c44bf48c316eb2fb95748998e594be283745754ddb92f13458fb6e2bfd355
tests/fixtures/recovery_kernel_v3/sampled_pearson.json	17018	decdfe327b6b00d3edcd4f9575d05ccb177427c6c55e25381cb4ca8398e22088
tests/fixtures/recovery_kernel_v3/verified_environment.json	1746	7ece80b6506bf21b95b5ae5953ec225e71516cd18dd99022cebb01b16cf573f3
tests/fixtures/recovery_kernel_v4/binned.json	9865	b5cde7fe4240ee547f3c5f20dafe8dd5633af0b9dfd1779fb49a98530c1e115e
tests/fixtures/recovery_kernel_v4/exact_pearson.json	10177	7e17b1e184e3e23c598e1887421f9327a14c045f3455bea21f17f3e4b51aa48c
tests/fixtures/recovery_kernel_v4/manifest.json	3658	c1e4dd1433c406271d94c6118abd3454e5075a3af5087ab59b302915256bbe6b
tests/fixtures/recovery_kernel_v4/pre_observed_ne.json	1407	ba1c44bf48c316eb2fb95748998e594be283745754ddb92f13458fb6e2bfd355
tests/fixtures/recovery_kernel_v4/sampled_pearson.json	17018	decdfe327b6b00d3edcd4f9575d05ccb177427c6c55e25381cb4ca8398e22088
tests/fixtures/recovery_kernel_v4/verified_environment.json	2037	55c274102e0ca4adc1731a37230328ca62ecb9e57f3a4294988843fb11bbd74a
tests/fixtures/recovery_kernel_v5/binned.json	10249	6aa57559d3e41dfb419dc2a32f92beb0054c2542516ef0e38ab6172001f8ef29
tests/fixtures/recovery_kernel_v5/exact_pearson.json	10177	7e17b1e184e3e23c598e1887421f9327a14c045f3455bea21f17f3e4b51aa48c
tests/fixtures/recovery_kernel_v5/manifest.json	3726	15b2edac4351262a786824a4233f82fee8e4339f954a33ed65ed68449acfd881
tests/fixtures/recovery_kernel_v5/pre_observed_ne.json	1407	ba1c44bf48c316eb2fb95748998e594be283745754ddb92f13458fb6e2bfd355
tests/fixtures/recovery_kernel_v5/sampled_pearson.json	17018	decdfe327b6b00d3edcd4f9575d05ccb177427c6c55e25381cb4ca8398e22088
tests/fixtures/recovery_kernel_v5/verified_environment.json	2037	3b7fe8cc3049af8e6b729e513fe9e1b26916634805d6b323115e43c14dae8b8a
tests/test_acceptance_record_inputs.py	15177	3c88732f459d85f3be36e7248c6f383651b26ed0f615c57c698b86af3537fc98
tests/test_acceptance_tools.py	22040	6703efae791fc5f24322d4a16294cbcdedfe5b51fd7151310c37dbf445686e89
tests/test_adapter_parameters.py	5981	ecf8bd7ccac878ffa4be7a2403e8331cff8c457dede91d045717eeb6b5b3ea13
tests/test_benchmark_in_memory.py	4016	118d1c18ebf8de6ba4615b59fc58fc74759b904a0f937f8ffc78f24cf8575a52
tests/test_benchmark_plot.py	2795	c718e1863231908b88d29d66f980e7323d2975d4256cb6a6330ef7b96e49d319
tests/test_calibration_v2_enumeration.py	7805	6fda259122f6f0befd90baff0cb53e9d9d0451d57e6a20c5bcbea6a68f66b09d
tests/test_calibration_v2_failures.py	142659	493b4302510f3af63ffd18c2f6f15447c2df02ea29e18414b7be69390810a03b
tests/test_calibration_v2_finalization.py	10601	99c9ffdee4ccc77ee7c5b0c5336fd487ecac212e43e54a308d905381fe220287
tests/test_calibration_v2_integrity.py	153879	0cc1349c6532e64461b01c25a9b9d2e798e01c32f241ffe97555cff569f85492
tests/test_calibration_v2_observed.py	12214	9f95e9d279c39b4cb3d51a6b341451f9edc5af38325e23de6a6692e98d6bbbe1
tests/test_calibration_v2_progress.py	24797	5dd529cab7fd02e868afc51a573cf03f3fb6381e815ad2a70805d50f2bbf31f5
tests/test_calibration_v2_replicates.py	123988	08cbf35f729991a5af2aaff9da1aa0517bfa9ce79b319dc1d7d268472ee2e422
tests/test_canonical.py	16142	e7c75e33ead732a21b63b579cbcf2cd56dbf540e142f16a75944d63b7b8a46b1
tests/test_checkpoint_lock.py	11261	f56045ddebd5a94353a61437b5e01a8724b7e45b90ece14325e8df77c04e0ba0
tests/test_checkpoint_store.py	25096	fbc5edb3d0ff45b1e83ab5cd7f84a1e5752a998cfbe9fe3adf32768694db24c0
tests/test_checkpoint_store_crash.py	6785	d49834e6be15d9d36faedb8db74bb9c49b040d7cc0f8e0137bb476c7a29957bb
tests/test_ci_delivery.py	21734	daf65ae28653152719605e66c3534baff3c692187c4ff7cbb92e4c69b3a28924
tests/test_cli.py	18354	423876a2380934fc36a83948261130e51833728be1e11a8b2c8bce222f9153ba
tests/test_container_delivery.py	10154	d5656146d6dafb47e26e30b420ccd96015c0206de046d5dade8acbe658e9d430
tests/test_contracts.py	30987	71a1df0caaba36d954bcbcb371ccacd8e214416418bf34edc53f77d84158f13b
tests/test_contracts_v2.py	32730	59754fd2440a462d44d6b343ef03202d0482edd0190ccf49f348a9e30b27ada3
tests/test_crash_process.py	14410	9b2ad890c3dba70049802112aab71d278ba9c77237c044925bd4bbe7d5133831
tests/test_crash_windows_process.py	3197	ca56067c75d4f5cf427487d48b9d9f5bc8f4359e3446ff71b382fab4e79ee368
tests/test_dependency_lock.py	2617	067bd287aa1e953c6f456cdef3c1f84501db4fddc12e783f09e36a319b88d218
tests/test_distribution_assets.py	21022	40c62f1f0c0807c7c672711aadd6ef146d63e6b8da060f8ec3464d1d9ed5565a
tests/test_documentation.py	9012	1f1b481accdbd50b7d8c6b643feb1fd06080f8ed3eff82ee8e314de5000a0a23
tests/test_exact_oracle_independence.py	22211	717b854ba68d8f2fe9beca82d981caf14b0d55354cbe0c2d15fcb36f00d57b43
tests/test_exact_oracle_v0.py	11224	8d851e83e2616dda5b4110275f927720c4c7f5558617a10a477f01ac339bfd33
tests/test_examples.py	4952	11af735e9fcbb8a94386d9121293e9ea5eed4f7067ba4416d548b541d214d822
tests/test_final_check_states.py	10195	d89c4104844687e1cbc89b4934a304a36c0b1a0c487c3742f9c0f66488775889
tests/test_in_memory_execution_budget_v2.py	16486	f77b605fe5a64e6f5166192e82b43b8c8cf02188ab26723b09f77499c32f2f3d
tests/test_input_csv_limits.py	11613	2c87b41f6e408a1debd8fd06af6b5c0ab158ee5eb591aa4dc47476ee3d16fa8e
tests/test_input_npz_limits.py	69719	89b54627d1395e3dc79f87d9ff297c5586f37304acaa2b7b5147dd6699263edb
tests/test_input_resources.py	18735	546c0071f6d6299174d4c692fdc17a0bc29ea2387f7b45a579dd4de3f4c73f29
tests/test_inputs.py	26995	541636ccb92adb245be90811fa858c4d746b02bab993f5b416f7ddd008248ca6
tests/test_junction_emulation.py	3819	e39cce13373b153cde74da3b7d75dde111327ce77d5b4bcc56b15aef19b1185a
tests/test_legacy_record_identity.py	3440	cac63d06973224751260b04f3477b43046e61fa20b785b7dbfd79b21e2c51e68
tests/test_m6_pearson_diagnostic.py	8385	477162750a4e777da0af0e0b470ec44367482631501ec9b590df978c6f143bda
tests/test_m6_pearson_diagnostic_public.py	8742	7ea7432694f07f44cd7c61c8363951924d2508d9cca36fab02695a7cc20ac159
tests/test_m6_pearson_orbit_trace.py	20676	9f0d303e2b8994dffd2f074196dadc0282d92045a9c1d94424ce5ff9a476a4bb
tests/test_null_block_shuffle_v2.py	33079	72f1fad21132ea771d00d03556a18e3cb9bf1d097b2ee8b102d1cd12bdd7d83c
tests/test_null_circular_shift_exact_v1.py	3463	993c43cd14adf05c83dd518706a2881a364583954fac3652e053078fcf5dca4d
tests/test_null_circular_shift_v2.py	32329	503db95b9b7ae3f3d83ee79856a5817d412f0feee2472015ac57a0b1c38e109a
tests/test_null_token_vectors_v2.py	11513	7cf7ca116444b1fb02f9099cf1b6a8936496335ff393ea9f7245371f5813f91b
tests/test_null_validity_gate.py	8478	a1f1461e66990be3bc1ae20fb2157483060a068b2bc8006a71a78a5ef4da9c44
tests/test_owned_transform_v2.py	3009	2c7eed11896ee869864acbefe01d95a3701ccf7f0db0266c59845903e562895a
tests/test_pearson_numeric_stability.py	5353	c6366a47b3a33ff9871b1a6e2c07243801085235029706c00cbdc5184d672384
tests/test_plan_migration_v1_to_v2.py	30793	c85ae7a390fcbd90e6728c67a5600cf02feda9a3652b60de6b39c872d0062809
tests/test_plan_v2.py	7980	fb1b77de9097ba59b7544a64d88e2633f0e86a46bd40a45cdd0cfde51fb43ecb
tests/test_platform_support.py	1912	75f4d5dd71739cac75b07aa5ccad830bb5bd7e7290b836e24aea755cb413dd5b
tests/test_public_api_v2.py	26152	28be1c3d170e1a751f12d1d76ff45fc373125794145ebb71ade98dd534b3fe68
tests/test_public_quality_commands.py	7925	dadb45fee1b2698789548d737a72a1869e97f09f0a16b765bcaca684aa3a01f3
tests/test_randomness_v2.py	16219	262dff81b61d50f30210e27cd0d98b71d634d712a92612db6217f65e2455d14f
tests/test_randomness_v2_subprocess.py	8874	22da8eefd627c00bbf9e29a98af895ae32be9f0f5b94cb905c402948e42ea728
tests/test_registry.py	8648	da95ae53be7de81146c168dc92a209653f0c5ad1de909be6d3022aa29a8f560e
tests/test_release_tree_collection.py	2150	bdabca59b658b9bb0dceb0b8499893636004517252f6d1d2395a6bcff7d812b8
tests/test_report_presentation.py	6932	144d960f651f030062fd1af46ab37dfc8ecfbfe764f8d1a311cec48ed9ffb6b2
tests/test_repository_hygiene.py	8870	42590ccd838229af1d33bbfe98f8750218c911f390264b7c57344ede9bfae04c
tests/test_resolution.py	17041	1e3b4c064d8fc85f404480cc0bf174591cf9fee19572e71e086df543a2de34b1
tests/test_resolution_v2.py	37869	fb64df75e2a8438742c0b1267add56da5dbbaad99a8bcd715d9a7152a1de2ec3
tests/test_result_invariants_v2.py	22357	8dca5db75d4e8b163f744da04ca3a2ae6388e6a11ed2b58a8d9673a0353f9e95
tests/test_result_wire.py	16932	ba4f07cb09fbb48d2ffa991a8fb6cbf35744430799481fced48383ec846422f0
tests/test_result_wire_example.py	4965	701de3839e0699f48ddbc81ff9fe15d3c503d2b8368aadc8f777e484bb189213
tests/test_saved_download_archive_failures.py	8900	1f64fc7621b3db057c55a24675a7f95b4cb7dece2f78bf6d8d845d3754b4d817
tests/test_saved_downloads_offline.py	16463	c263f0efffdf75d2ed5e76ecceb4bd851fd3f91fcf85c57cf018d49afbe47005
tests/test_scientific_plan_v1_vectors.py	2251	5ecb0c5451b6966ff8a8040d71515453906e797a9dc8d2af4bba5ea708dcc03e
tests/test_scientific_plan_v2_vectors.py	7632	c22b87ba080c0e2444e96fef1a08978b0592cf40f5403f4eaf8e99b7a55357b4
tests/test_selection.py	12557	9fbfc0d129920c00b736b0683afe7f78044adb7884dc62fcfad7edcd5e6cc323
tests/test_selection_v2.py	7088	9b4289d5deaa2ddb702e9ca826c3b76a7f06cc538600a0481d481ec17a5dde77
tests/test_statistic_binned_nette.py	29061	53faa503b224f794624df1ffeaeac0203d2c2598150a7ba5c5a0cbefebb77aaa
tests/test_statistic_full_vector_v2.py	6586	145997c1ca16ab10dd3dd8df013012c35ade2dde5f3dd466b7d0744f3a4ed691
tests/test_statistic_lagged_pearson.py	18742	e1b7312b1215125bd94c56b59b483927403b38ae18224fb289a773fef76c3440
tests/test_support.py	10780	6226e541c2678d028dc9c37603d721d4146090bfbfa9efc951fb56dd8a01cd2b
tests/test_system_boundary.py	11966	9e9e1c8e0513a3bb98ed5b65b6fda6e5baf61e9ed3ad8b3f6e039db566e3dc6c
tests/test_system_boundary_v2.py	28792	3c1d2fb29743d36d6ad7c3075394513173140f9789cfd9b466815aa7196476c1
tests/test_text_encoding_explicit.py	4972	b3b21ff516688e69b8f0726f39656145ab6ec0e6b7c01b8d9a32afc573047f39
tests/test_ui_artifacts.py	65431	fa85074c7e56bd63a3cecb0d1c728e7581920b70f3fb04ee8bcbb69586aaa400
tests/test_ui_assets.py	21859	ae8be22830f398077d2cc745031ce2b05931d2591522707a37f35f7477535d14
tests/test_ui_child_runtime.py	23597	d89613fe7adcd04266298e90e80cacb5e98791f545cff178a8840242d7b4c5ce
tests/test_ui_connection_guidance.py	13447	2ee1a8e90a4ca5cd2740cebb204afa2935904723f9b7318ac1d8de8c3e200992
tests/test_ui_download_identity.py	7319	469e3ec23c1a3ce841dcc4116a1a2fa33f4a4cca21c15a74cdcbb076d148eb19
tests/test_ui_http.py	10851	c99b9b14f3af94984b4facebf01531901ce37b48b79c82c24c9a016e079b7e08
tests/test_ui_jobs.py	11676	371eb3836b50c488702d9a542dea45e98cfd60a75e3fd7809ebc0ba683bd317c
tests/test_ui_process.py	24071	3909563bb9ec0757d0f8331337d9ad99dedfb8a4f2dff1fb7a4979e2765defe1
tests/test_ui_resume.py	17920	722668dc309d2e95b9579688ac10c751418780f0e55fafccbc89500a6a339f33
tests/test_ui_utf8_resources.py	1860	59c7600a024fd163ddad62cfbd563cca174df16f61167d7f9a0fe0df1401fe77
tests/test_ui_verify.py	17902	864b4641773f3e5568b42af2d5e6d48721108c244f5dec5804a94d2ba95e021b
tests/test_verifier_integration_v2.py	232358	22d8243d29cc82428cc507134305bd29313cce6871d27508b95b6fa6928559e1
tests/test_verifier_primitives_v2.py	6660	98b3261c098321fc4fade4e9cf74b64a5ad465d08f1f44f2197ab8fa4c09d60b
tests/test_verify_installed_identity.py	21776	b80fcccaf8dfec27e7b3778c9032440f2af880cb038a614cefc2b7370dfad789
tests/test_windows_check_workpaths.py	18848	548f155548a6b49ccfe89ffc43e161d9cd4255b3331459dde9f5bbc6b6bb0fdf
tests/test_windows_native_acceptance.py	7783	0e9980d44b0f3f864408777ede6290af16feda4491ea63d48f43ccc3b42e49b9
tests/test_windows_native_capture.py	5052	d274ab4020c783166f8c89ea0938d1a00f3249221127db986357a2094d6ca53a
tests/test_windows_portability.py	17831	bf6c45ada0dc3ebbe7a0d51a6be083896db34421d1881883c882b4a24fb57bd2
tests/test_workflow.py	13140	f478395ccf0015adedf5276c0871d03aee3bdbd5d5f5be4c4f8d753c50bf1c93
tests/test_workflow_attainability.py	10833	dfc58154dbc8576631fd3d46d3825732ea9a295ecdbd61bcb62c0a73bc37ec05
tests/test_workflow_config.py	17237	1a02a53138f6163e8d3e6f9fcbef4c26620c9acafb9ff92128957dfa423c7e2d
tests/test_workflow_decision_replay.py	11145	0e5ebdc9eba2c0f8ca5723a184f43789b30ec141af07e3d163049fe96d045682
tests/test_workflow_export.py	27631	cba0f39378230e84c894c0b8543ea2c40e8873db45340fc866103ff43239b196
tests/test_workflow_export_process.py	4924	4883379a3b249a1e3b8dcc8d95d52d56f6a2f9fc4c850260907ccfa35d91c9d3
tests/test_workflow_preflight.py	6860	71f73a9a9fa0fb87919ca767a7e7864790d8b8e4e7b8451e697394f5fc7410ec
tests/test_workflow_recovery.py	24300	7789c567af334bddcc1220d5dfa9b50a1cb8ba48f50258bea9f4f98355413f8d
tests/test_workflow_recovery_process.py	6136	ee54be5136315ba6ae66266ea5be686f8eb30216fc1f6eea4f2b582f83fb0797
tests/test_workflow_store.py	11816	2b8305e65327f07c803c5013ddbc0cc6c763ee3133e82ed173e409d4adac38d5
uv.lock	342905	8024687badadc953c06157b4f3eb88d43db18bbdbff89821ec7ab0a65485b406
